CREATE TABLE `tbl_company` (
  `id` INT(11) NOT NULL AUTO_INCREMENT,
  `company` VARCHAR(64) NOT NULL,
  PRIMARY KEY (`id`)
) ENGINE=InnoDB;
INSERT INTO `tbl_company` (`company`) VALUES
('None'),
('RoamPA'),
('ABC Ltd'),
('Beta Ltd');

CREATE TABLE `tbl_country` (
  `id` INT(11) NOT NULL AUTO_INCREMENT,
  `country` VARCHAR(64) NOT NULL,
  `countrycode` CHAR(2) NOT NULL,
  `continent` CHAR(8) NOT NULL,
  `flag` VARCHAR(1024) NOT NULL,
  `flagthumb` VARCHAR(1024) NOT NULL,
  `threshold` TINYINT UNSIGNED NOT NULL,
  `taxday` DATE NOT NULL,
  PRIMARY KEY (`id`),
  KEY (`country`)
) ENGINE=InnoDB;
INSERT INTO `tbl_country` (`country`,`countrycode`,`continent`,`flag`,`flagthumb`,`threshold`,`taxday`) VALUES
('Algeria',					 'DZ','Africa','','','','0004-01-01'),
('Angola',                   'AO','Africa','','','','0004-01-01'),
('Benin',                    'BJ','Africa','','','','0004-01-01'),
('Botswana',                 'BW','Africa','','','','0004-04-01'),
('Burkina Faso',             'BF','Africa','','','','0004-01-01'),
('Burundi',                  'BI','Africa','','','','0004-01-01'),
('Cameroon',                 'CM','Africa','','','','0004-07-01'),
('Cape Verde',               'CV','Africa','','','','0004-01-01'),
('Central African Republic', 'CF','Africa','','','','0004-01-01'),
('Chad',                     'TD','Africa','','','','0004-01-01'),
('Comoros',                  'KM','Africa','','','','0004-01-01'),
('Congo - Brazzaville',      'CG','Africa','','','','0004-01-01'),
('Congo - Kinshasa',         'CD','Africa','','','','0004-01-01'),
('Côte d’Ivoire',            'CI','Africa','','','','0004-01-01'),
('Djibouti',                 'DJ','Africa','','','','0004-01-01'),
('Egypt',                    'EG','Africa','','','','0004-07-01'),
('Equatorial Guinea',        'GQ','Africa','','','','0004-01-01'),
('Eritrea',                  'ER','Africa','','','','0004-01-01'),
('Ethiopia',                 'ET','Africa','','','','0004-07-08'),
('Gabon',                    'GA','Africa','','','','0004-01-01'),
('Gambia',                   'GM','Africa','','','','0004-01-01'),
('Ghana',                    'GH','Africa','','','','0004-01-01'),
('Guinea',                   'GN','Africa','','','','0004-01-01'),
('Guinea-Bissau',            'GW','Africa','','','','0004-01-01'),
('Kenya',                    'KE','Africa','','','','0004-07-01'),
('Lesotho',                  'LS','Africa','','','','0004-04-01'),
('Liberia',                  'LR','Africa','','','','0004-01-01'),
('Libya',                    'LY','Africa','','','','0004-01-01'),
('Madagascar',               'MG','Africa','','','','0004-01-01'),
('Malawi',                   'MW','Africa','','','','0004-07-01'),
('Mali',                     'ML','Africa','','','','0004-01-01'),
('Mauritania',               'MR','Africa','','','','0004-01-01'),
('Mauritius',                'MU','Africa','','','','0004-07-01'),
('Mayotte',                  'YT','Africa','','','','0004-01-01'),
('Morocco',                  'MA','Africa','','','','0004-01-01'),
('Mozambique',               'MZ','Africa','','','','0004-01-01'),
('Namibia',                  'NA','Africa','','','','0004-04-01'),
('Niger',                    'NE','Africa','','','','0004-01-01'),
('Nigeria',                  'NG','Africa','','','','0004-01-01'),
('Rwanda',                   'RW','Africa','','','','0004-01-01'),
('Réunion',                  'RE','Africa','','','',''),
('Saint Helena',             'SH','Africa','','','','0004-04-01'),
('Senegal',                  'SN','Africa','','','','0004-01-01'),
('Seychelles',               'SC','Africa','','','','0004-01-01'),
('Sierra Leone',             'SL','Africa','','','','0004-01-01'),
('Somalia',                  'SO','Africa','','','',''),
('South Africa',             'ZA','Africa','','','','0004-04-01'),
('Sudan',                    'SD','Africa','','','','0004-01-01'),
('Swaziland',                'SZ','Africa','','','','0004-04-01'),
('São Tomé and Príncipe',    'ST','Africa','','','','0004-01-01'),
('Tanzania',                 'TZ','Africa','','','','0004-07-01'),
('Togo',                     'TG','Africa','','','','0004-01-01'),
('Tunisia',                  'TN','Africa','','','','0004-01-01'),
('Uganda',                   'UG','Africa','','','','0004-07-01'),
('Western Sahara',           'EH','Africa','','','','0004-01-01'),
('Zambia',                   'ZM','Africa','','','','0004-01-01'),
('Zimbabwe',                 'ZW','Africa','','','','0004-01-01'),
('Anguilla',						'AI','Americas','','','','0004-04-01'),
('Antigua and Barbuda',             'AG','Americas','','','','0004-04-01'),
('Argentina',                       'AR','Americas','','','','0004-01-01'),
('Aruba',                           'AW','Americas','','','','0004-01-01'),
('Bahamas',                         'BS','Americas','','','','0004-07-01'),
('Barbados',                        'BB','Americas','','','','0004-04-01'),
('Belize',                          'BZ','Americas','','','','0004-04-01'),
('Bermuda',                         'BM','Americas','','','','0004-04-01'),
('Bolivia',                         'BO','Americas','','','','0004-01-01'),
('Brazil',                          'BR','Americas','','','','0004-01-01'),
('British Virgin Islands',          'VG','Americas','','','','0004-04-01'),
('Canada',                          'CA','Americas','','','','0004-04-01'),
('Cayman Islands',                  'KY','Americas','','','','0004-04-01'),
('Chile',                           'CL','Americas','','','','0004-01-01'),
('Colombia',                        'CO','Americas','','','','0004-01-01'),
('Costa Rica',                      'CR','Americas','','','','0004-01-01'),
('Cuba',                            'CU','Americas','','','','0004-01-01'),
('Dominica',                        'DM','Americas','','','','0004-07-01'),
('Dominican Republic',              'DO','Americas','','','','0004-01-01'),
('Ecuador',                         'EC','Americas','','','','0004-01-01'),
('El Salvador',                     'SV','Americas','','','','0004-01-01'),
('Falkland Islands',                'FK','Americas','','','','0004-04-01'),
('French Guiana',                   'GF','Americas','','','',''),
('Greenland',                       'GL','Americas','','','','0004-01-01'),
('Grenada',                         'GD','Americas','','','','0004-01-01'),
('Guadeloupe',                      'GP','Americas','','','','0004-01-01'),
('Guatemala',                       'GT','Americas','','','','0004-01-01'),
('Guyana',                          'GY','Americas','','','','0004-01-01'),
('Haiti',                           'HT','Americas','','','','0004-10-01'),
('Honduras',                        'HN','Americas','','','','0004-01-01'),
('Jamaica',                         'JM','Americas','','','','0004-04-01'),
('Martinique',                      'MQ','Americas','','','',''),
('Mexico',                          'MX','Americas','','','','0004-01-01'),
('Montserrat',                      'MS','Americas','','','','0004-04-01'),
('Netherlands Antilles',            'AN','Americas','','','',''),
('Nicaragua',                       'NI','Americas','','','','0004-01-01'),
('Panama',                          'PA','Americas','','','','0004-01-01'),
('Paraguay',                        'PY','Americas','','','','0004-01-01'),
('Peru',                            'PE','Americas','','','','0004-01-01'),
('Puerto Rico',                      'PR','Americas','','','','0004-07-01'),
('Saint Barthélemy',                'BL','Americas','','','',''),
('Saint Kitts and Nevis',           'KN','Americas','','','','0004-01-01'),
('Saint Lucia',                     'LC','Americas','','','','0004-04-01'),
('Saint Martin',                    'MF','Americas','','','',''),
('Saint Pierre and Miquelon',       'PM','Americas','','','','0004-01-01'),
('Saint Vincent and the Grenadines','VC','Americas','','','','0004-01-01'),
('Suriname',                        'SR','Americas','','','','0004-01-01'),
('Trinidad and Tobago',             'TT','Americas','','','','0004-10-01'),
('Turks and Caicos Islands',        'TC','Americas','','','','0004-01-01'),
('U.S. Virgin Islands',             'VI','Americas','','','','0004-10-01'),
('United States',                   'US','Americas','','','','0004-10-01'),
('Uruguay',                         'UY','Americas','','','','0004-01-01'),
('Venezuela',                       'VE','Americas','','','','0004-01-01'),
('Afghanistan',                         'AF','Asia','','','','0004-12-21'),
('Armenia',                             'AM','Asia','','','','0004-01-01'),
('Azerbaijan',							'AZ','Asia','','','','0004-01-01'),
('Bahrain',							 	'BH','Asia','','','','0004-01-01'),
('Bangladesh',							'BD','Asia','','','','0004-07-01'),
('Bhutan',								'BT','Asia','','','','0004-07-01'),
('Brunei',								'BN','Asia','','','','0004-04-01'),
('Cambodia',							'KH','Asia','','','','0004-01-01'),
('China',								'CN','Asia','','','','0004-01-01'),
('Cyprus',								'CY','Asia','','','','0004-01-01'),
('Georgia',							 	'GE','Asia','','','','0004-01-01'),
('Hong Kong SAR China',				 	'HK','Asia','','','','0004-04-01'),
('India',								'IN','Asia','','','','0004-04-01'),
('Indonesia',							'ID','Asia','','','','0004-01-01'),
('Iran',								'IR','Asia','','','','0004-03-21'),
('Iraq',								'IQ','Asia','','','','0004-01-01'),
('Israel',								'IL','Asia','','','','0004-01-01'),
('Japan',								'JP','Asia','','','','0004-04-01'),
('Jordan',								'JO','Asia','','','','0004-01-01'),
('Kazakhstan',							'KZ','Asia','','','','0004-01-01'),
('Kuwait',								'KW','Asia','','','','0004-04-01'),
('Kyrgyzstan',							'KG','Asia','','','','0004-01-01'),
('Laos',								'LA','Asia','','','','0004-10-01'),
('Lebanon',							 	'LB','Asia','','','','0004-01-01'),
('Macau SAR China',					 	'MO','Asia','','','','0004-01-01'),
('Malaysia',							'MY','Asia','','','','0004-01-01'),
('Maldives',							'MV','Asia','','','','0004-01-01'),
('Mongolia',							'MN','Asia','','','','0004-01-01'),
('Myanmar [Burma]',					 	'MM','Asia','','','','0004-04-01'),
('Nepal',								'NP','Asia','','','','0004-07-16'),
('Neutral Zone',						'NT','Asia','','','',''),
('North Korea',						 	'KP','Asia','','','','0004-01-01'),
('Oman',								'OM','Asia','','','','0004-01-01'),
('Pakistan',							'PK','Asia','','','','0004-07-01'),
('Palestinian Territories',			 	'PS','Asia','','','',''),
('Peoples Democratic Republic of Yemen','YD','Asia','','','',''),
('Philippines',						 	'PH','Asia','','','','0004-01-01'),
('Qatar',								'QA','Asia','','','','0004-04-01'),
('Saudi Arabia',						'SA','Asia','','','','0004-01-01'),
('Singapore',							'SG','Asia','','','','0004-04-01'),
('South Korea',						 	'KR','Asia','','','','0004-01-01'),
('Sri Lanka',							'LK','Asia','','','','0004-01-01'),
('Syria',								'SY','Asia','','','','0004-01-01'),
('Taiwan',								'TW','Asia','','','','0004-01-01'),
('Tajikistan',							'TJ','Asia','','','','0004-01-01'),
('Thailand',							'TH','Asia','','','','0004-10-01'),
('Timor-Leste',						 	'TL','Asia','','','','0004-01-01'),
('Turkey',								'TR','Asia','','','','0004-01-01'),
('Turkmenistan',						'TM','Asia','','','','0004-01-01'),
('United Arab Emirates',				'AE','Asia','','','','0004-01-01'),
('Uzbekistan',							'UZ','Asia','','','','0004-01-01'),
('Vietnam',							 	'VN','Asia','','','','0004-01-01'),
('Yemen',								'YE','Asia','','','','0004-01-01'),
('Albania',					'AL','Europe','','','','0004-01-01'),
('Andorra',	                'AD','Europe','','','','0004-01-01'),
('Austria',	                'AT','Europe','','','','0004-01-01'),
('Belarus',	                'BY','Europe','','','','0004-01-01'),
('Belgium',	                'BE','Europe','','','','0004-01-01'),
('Bosnia and Herzegovina',	'BA','Europe','','','','0004-01-01'),
('Bulgaria',	            'BG','Europe','','','','0004-01-01'),
('Croatia',	                'HR','Europe','','','','0004-01-01'),
('Cyprus',	                'CY','Europe','','','','0004-01-01'),
('Czech Republic',	        'CZ','Europe','','','','0004-01-01'),
('Denmark',	                'DK','Europe','','','','0004-01-01'),
('Estonia',	                'EE','Europe','','','','0004-01-01'),
('Faroe Islands',	        'FO','Europe','','','','0004-01-01'),
('Finland',	                'FI','Europe','','','','0004-01-01'),
('France',	                'FR','Europe','','','183','0004-01-01'),
('Germany',	                'DE','Europe','','','','0004-01-01'),
('Gibraltar',	            'GI','Europe','','','','0004-07-01'),
('Greece',	                'GR','Europe','','','','0004-01-01'),
('Guernsey',	            'GG','Europe','','','','0004-01-01'),
('Hungary',	                'HU','Europe','','','','0004-01-01'),
('Iceland',	                'IS','Europe','','','','0004-01-01'),
('Ireland',	        		'IE','Europe','','','183','0004-01-01'),
('Isle of Man',	            'IM','Europe','','','','0004-04-01'),
('Italy',	                'IT','Europe','','','','0004-01-01'),
('Jersey',	                'JE','Europe','','','','0004-04-01'),
('Latvia',	                'LV','Europe','','','','0004-01-01'),
('Liechtenstein',	        'LI','Europe','','','','0004-01-01'),
('Lithuania',	            'LT','Europe','','','','0004-01-01'),
('Luxembourg',	            'LU','Europe','','','','0004-01-01'),
('Macedonia',	            'MK','Europe','','','','0004-01-01'),
('Malta',	                'MT','Europe','','','','0004-01-01'),
('Moldova',	                'MD','Europe','','','','0004-01-01'),
('Monaco',	                'MC','Europe','','','','0004-01-01'),
('Montenegro',	            'ME','Europe','','','','0004-01-01'),
('Netherlands',	            'NL','Europe','','','','0004-01-01'),
('Norway',	                'NO','Europe','','','','0004-01-01'),
('Poland',	                'PL','Europe','','','','0004-01-01'),
('Portugal',	            'PT','Europe','','','','0004-01-01'),
('Romania',	                'RO','Europe','','','','0004-01-01'),
('Russia',	                'RU','Europe','','','','0004-01-01'),
('San Marino',	            'SM','Europe','','','','0004-01-01'),
('Serbia',	                'RS','Europe','','','','0004-01-01'),
('Serbia and Montenegro',	'CS','Europe','','','','0004-01-01'),
('Slovakia',	            'SK','Europe','','','','0004-01-01'),
('Slovenia',	            'SI','Europe','','','','0004-01-01'),
('Spain',	                'ES','Europe','','','','0004-01-01'),
('Svalbard and Jan Mayen',	'SJ','Europe','','','',''),
('Sweden',	                'SE','Europe','','','','0004-01-01'),
('Switzerland',	            'CH','Europe','','','','0004-01-01'),
('Ukraine',	                'UA','Europe','','','','0004-01-01'),
('United Kingdom',	        'GB','Europe','','','183','0004-04-06'),
('Vatican City',	        'VA','Europe','','','','0004-01-01'),
('Åland Islands',	        'AX','Europe','','','',''),
('American Samoa',	    						'AS','Oceania','','','','0004-10-01'),
('Antarctica',		                            'AQ','Oceania','','','',''),
('Australia',		                            'AU','Oceania','','','','0004-07-01'),
('Bouvet Island',		                        'BV','Oceania','','','',''),
('British Indian Ocean Territory',		        'IO','Oceania','','','',''),
('Christmas Island',		                    'CX','Oceania','','','','0004-07-01'),
('Cocos [Keeling] Islands',		                'CC','Oceania','','','','0004-07-01'),
('Cook Islands',		                        'CK','Oceania','','','','0004-04-01'),
('Fiji',		                                'FJ','Oceania','','','','0004-01-01'),
('French Polynesia',		                    'PF','Oceania','','','','0004-01-01'),
('French Southern Territories',		            'TF','Oceania','','','',''),
('Guam',		                                'GU','Oceania','','','','0004-10-01'),
('Heard Island and McDonald Islands',		    'HM','Oceania','','','',''),
('Kiribati',		                            'KI','Oceania','','','',''),
('Marshall Islands',		                    'MH','Oceania','','','','0004-10-01'),
('Micronesia',		                            'FM','Oceania','','','','0004-10-01'),
('Nauru',		                                'NR','Oceania','','','','0004-07-01'),
('New Caledonia',		                        'NC','Oceania','','','','0004-01-01'),
('New Zealand',	                                'NZ','Oceania','','','','0004-04-01'),
('Niue',		                                'NU','Oceania','','','','0004-04-01'),
('Norfolk Island',		                        'NF','Oceania','','','','0004-07-01'),
('Northern Mariana Islands',		            'MP','Oceania','','','','0004-10-01'),
('Palau',		                                'PW','Oceania','','','','0004-10-01'),
('Papua New Guinea',		                    'PG','Oceania','','','','0004-01-01'),
('Pitcairn Islands',		                    'PN','Oceania','','','','0004-04-01'),
('Samoa',		                                'WS','Oceania','','','','0004-06-01'),
('Solomon Islands',		                        'SB','Oceania','','','','0004-01-01'),
('South Georgia and the South Sandwich Islands','GS','Oceania','','','',''),
('Tokelau',		                                'TK','Oceania','','','','0004-04-01'),
('Tonga',		                                'TO','Oceania','','','','0004-07-01'),
('Tuvalu',		                                'TV','Oceania','','','','0004-01-01'),
('U.S. Minor Outlying Islands',		            'UM','Oceania','','','',''),
('Vanuatu',		                                'VU','Oceania','','','','0004-01-01'),
('Wallis and Futuna',							'WF','Oceania','','','','0004-01-01');

-- NOT normalized
CREATE TABLE `tbl_user` (
  `id` INT(11) NOT NULL AUTO_INCREMENT,
  `staffNumber` VARCHAR(20) NOT NULL,
  `gender` CHAR(1) NOT NULL,
  `maidenName` VARCHAR(50) NOT NULL,
  `maritalStatus` CHAR(1) NOT NULL,
  `citizenship` VARCHAR(20) NOT NULL,
  `dualCitizenship` VARCHAR(50) NOT NULL,
  `birthCountry` VARCHAR(50) NOT NULL,
  `birthPlace` VARCHAR(50) NOT NULL,
  `division` VARCHAR(50) NOT NULL,
  `numberOfDependants` INT(11) NOT NULL,
  `username` VARCHAR(32) NOT NULL,
  `title` VARCHAR(8) NOT NULL,
  `firstname` VARCHAR(50) NOT NULL,
  `lastname` VARCHAR(50) NOT NULL,
  `dateofbirth` DATE NOT NULL,
  `email` VARCHAR(128) NOT NULL,
  `companyid` INT(11),
  `password` CHAR(64) NOT NULL,
  `pin` CHAR(64) NOT NULL,
  `primaryAddressTag` VARCHAR(16) NOT NULL,
  `phonenumber` VARCHAR(20) NOT NULL,
  `mobilenumber` VARCHAR(20) NOT NULL,
  `activkey` CHAR(32) NOT NULL DEFAULT '',
  `create_at` TIMESTAMP NOT NULL DEFAULT CURRENT_TIMESTAMP,
  `lastvisit_at` TIMESTAMP NOT NULL DEFAULT '0000-00-00 00:00:00',
  `status` INT(1) NOT NULL DEFAULT '0',
  PRIMARY KEY (`id`),
  UNIQUE KEY `username` (`username`),
  UNIQUE KEY `email` (`email`),
  KEY `fk_company_id` (`companyid`),
  CONSTRAINT `fk_company_id` FOREIGN KEY (`companyid`) REFERENCES `tbl_company` (`id`) ON DELETE SET NULL ON UPDATE CASCADE
) ENGINE=InnoDB;

-- password = username
INSERT INTO `tbl_user` (`id`, `gender`, `username`, `title`, `firstname`, `lastname`, `dateofbirth`, `email`, `companyid`, `password`, `primaryAddressTag`, `phonenumber`, `mobilenumber`, `activkey`, `create_at`, `lastvisit_at`, `status`) VALUES
(1, 'F', 'admin', '','The', 'Admin', '2014-05-01', 'sri.zebedee@gmail.com', 1, '$2a$13$818E/ml3o4rPklWini3tFOQXzdrpc.tOs2L.VwtiToQF3BaR4jZPS',
'Home', '+353906468192','','$2a$13$iXTnvagBcp07VEjdpk5TKeC8IfYQtL9C1NANHWxEMBk4S.r.9aCtS', '2014-05-20 15:47:10', '2014-05-20 15:47:10', 1),
(2, 'F', 'rpaunamcneill', 'Ms','Una', 'McNeill', '1990-04-11', 'unamcneill@gmail.com', 2, '$2a$13$NzNYjy/GVr/5rWSLNKCLMOJjyHNm6KX10ZwKTAH1AZGAMj2C1Ld0u',
'Home', '+353871234567','','$2a$13$iXTnvagBcp07VEjdpk5TKeC8IfYQtL9C1NANHWxEMBk4S.r.9aCtS', '2014-05-20 15:47:10', '2014-05-20 15:47:10', 1),
(3, 'M', 'rpajamesmcneill', 'Mr','James', 'McNeill', '1989-12-22', 'jimmcneill@gmail.com', 2, '$2a$13$ZC0.wzmotFH0eSpO3WICKekT9fVi8Y/cjt0mFumQOPnkauj3zK2NC',
'Work', '+353861234568','','$2a$13$iXTnvagBcp07VEjdpk5TKeC8IfYQtL9C1NANHWxEMBk4S.r.9aCtS', '2014-05-20 15:47:10', '2014-05-20 15:47:10', 1),
(4, 'M', 'rpaanthonyargyll', 'Mr','Anthony', 'Argyll', '1983-10-12', 'tonyargyll@abc.com', 3, '$2a$13$Dd9dSC.WzOQLag7MG6eDjOmFLCxwgOLe8qBVT12kVf8c5bZns5UiG',
'Work', '+353851234569','','$2a$13$iXTnvagBcp07VEjdpk5TKeC8IfYQtL9C1NANHWxEMBk4S.r.9aCtS', '2014-05-20 15:47:10', '2014-05-20 15:47:10', 1),
(5, 'M', 'rpabrianbevan', 'Mr','Brian', 'Bevan', '1973-09-07', 'brianbevan@abc.com', 3, '$2a$13$9VawCnE2MszQCEaZWIpjVOwkdI0kwaohcqQjizgvscP6AzC85y8iy',
'Work', '+353831234570','','$2a$13$iXTnvagBcp07VEjdpk5TKeC8IfYQtL9C1NANHWxEMBk4S.r.9aCtS', '2014-05-20 15:47:10', '2014-05-20 15:47:10', 1),
(6, 'M', 'rpaendaenright', 'Mr','Enda', 'Enright', '1963-08-09', 'endaenright@abc.com', 3, '$2a$13$2ruzi9vu9U5ouQtFPm3qFefcs9B4vrAQCZ6ejA0FTiISLTNLaM9/O',
'Work', '+353871234571','','$2a$13$iXTnvagBcp07VEjdpk5TKeC8IfYQtL9C1NANHWxEMBk4S.r.9aCtS', '2014-05-20 15:47:10', '2014-05-20 15:47:10', 1),
(7, 'M', 'rpajohnjohnson', 'Mr','John', 'Johnson', '1976-07-13', 'johnjohnson@abc.com', 3, '$2a$13$vLMRA2af4oc.4/tS//K/XucRPkZUT3wV0jj3NQ0omYCn4LJUCULJG',
'Work', '+353861234572','','$2a$13$iXTnvagBcp07VEjdpk5TKeC8IfYQtL9C1NANHWxEMBk4S.r.9aCtS', '2014-05-20 15:47:10', '2014-05-20 15:47:10', 1),
(8, 'M', 'rpapatpurcell', 'Mr','Pat', 'Purcell', '1990-06-14', 'patpurcell@abc.com', 3, '$2a$13$kI0JmPc/wzu7A7ZfFml9cO2hSEerlfr7I32JUvIrrJVKDLdY8HgVe',
'Work', '+353851234573','','$2a$13$iXTnvagBcp07VEjdpk5TKeC8IfYQtL9C1NANHWxEMBk4S.r.9aCtS', '2014-05-20 15:47:10', '2014-05-20 15:47:10', 1),
(9, 'F', 'rpamarymacken', 'Ms','Mary', 'Macken', '1992-05-15', 'marymacken@abc.com', 3, '$2a$13$24IB0IgPuUhnLeEjehrWvuuwE5TZXueWTF90r5IALZfPOiL3RlmZ6',
'Work', '+353831234574','','$2a$13$iXTnvagBcp07VEjdpk5TKeC8IfYQtL9C1NANHWxEMBk4S.r.9aCtS', '2014-05-20 15:47:10', '2014-05-20 15:47:10', 1),
(10, 'M', 'rpathomastierney', 'Mr','Thomas', 'Tierney', '1963-04-16', 'thomastierney@gmail.com', 1, '$2a$13$BXip2CS0h3rMI1wWosODpeZIRI9nbFA8vMlKHZt785YiWB9RQ5y9m',
'Work', '+353871234575','','$2a$13$iXTnvagBcp07VEjdpk5TKeC8IfYQtL9C1NANHWxEMBk4S.r.9aCtS', '2014-05-20 15:47:10', '2014-05-20 15:47:10', 1),
(11, 'F', 'rpaannacorn', 'Mrs','Ann', 'Acorn', '1973-11-06', 'annacorn@abc.com', 3, '$2a$13$OKcIFey6WyijuXBwTawhJ.F9eZKYodWnvvrCbniaS3.xb.fkK4U6a',
'Work', '+353861234576','','$2a$13$iXTnvagBcp07VEjdpk5TKeC8IfYQtL9C1NANHWxEMBk4S.r.9aCtS', '2014-05-20 15:47:10', '2014-05-20 15:47:10', 1),
(12, 'M', 'rpaanthonybuckley', 'Mr','Anthony', 'Buckley', '1966-05-19', 'anthonybuckley@abc.com', 3, '$2a$13$IOXoXZnQDPuBh3Idy/St0OuiN7P/77jWlK9zhbkkT.3LlMQITQCv6',
'Work', '+353851234577','','$2a$13$iXTnvagBcp07VEjdpk5TKeC8IfYQtL9C1NANHWxEMBk4S.r.9aCtS', '2014-05-20 15:47:10', '2014-05-20 15:47:10', 1),
(13, 'F', 'rpaemeregan', 'Mrs','Emer', 'Egan', '1979-08-26', 'emeregan@abc.com', 3, '$2a$13$ri491vxFPGHV5QvqOrvcD.SXX5YVMP4mtZ.n1yEvUyuz2ZawDID1K',
'Work', '+353831234578','','$2a$13$iXTnvagBcp07VEjdpk5TKeC8IfYQtL9C1NANHWxEMBk4S.r.9aCtS', '2014-05-20 15:47:10', '2014-05-20 15:47:10', 1),
(14, 'M', 'rpaadrianallen', 'Mr','Adrian', 'Allen', '1969-09-16', 'adrianallen@beta.ie', 4, '$2a$13$om3kbxp4lsQpTIrHREm8e.f1dBa6nVVtWQNZR2fUNYn20cdLZK/xq',
'Work', '+353871234579','','$2a$13$iXTnvagBcp07VEjdpk5TKeC8IfYQtL9C1NANHWxEMBk4S.r.9aCtS', '2014-05-20 15:47:10', '2014-05-20 15:47:10', 1),
(15, 'M', 'rpadavidduffy', 'Mr','David', 'Duffy', '1987-08-10', 'davidduffy@beta.ie', 4, '$2a$13$w3QW/iB2ymqOkZlrIrtjveTEI6K8oaVDV5g8F/qAGSxAYUQKQIrie',
'Work', '+353861234580','','$2a$13$iXTnvagBcp07VEjdpk5TKeC8IfYQtL9C1NANHWxEMBk4S.r.9aCtS', '2014-05-20 15:47:10', '2014-05-20 15:47:10', 1),
(16, 'F', 'rpaalicefarrell', 'Ms','Alice', 'Farrell', '1989-10-13', 'alicefarrell@beta.ie', 4, '$2a$13$5VL.bVaiT4I2MGXbzPodL.7sQzjfoSJLutCH/LRQg8kKlHUgxRj/C',
'Work', '+353851234581','','$2a$13$iXTnvagBcp07VEjdpk5TKeC8IfYQtL9C1NANHWxEMBk4S.r.9aCtS', '2014-05-20 15:47:10', '2014-05-20 15:47:10', 1),
(17, 'F', 'rpamagsdoyle', 'Mrs','Mags', 'Doyle', '1957-09-10', 'magsdoyle@yahoo.com', 1, '$2a$13$8d.FPZ.sT998y25Klr7p.u4K.d4uKBwefBnyZumivaovXpXGFH21e',
'Work', '+353831234582','','$2a$13$iXTnvagBcp07VEjdpk5TKeC8IfYQtL9C1NANHWxEMBk4S.r.9aCtS', '2014-05-20 15:47:10', '2014-05-20 15:47:10', 1),
(18, 'M', 'rpaalbertreynolds', 'Mr','Albert', 'Reynolds', '1959-03-01', 'albertreynolds@beta.ie', 4, '$2a$13$AOSijC7uFfAJx.q/GWUmm.8WcuercHNCNZKbJ5weZlIN9.XAmCWzO',
'Work', '+353871234583','','$2a$13$iXTnvagBcp07VEjdpk5TKeC8IfYQtL9C1NANHWxEMBk4S.r.9aCtS', '2014-05-20 15:47:10', '2014-05-20 15:47:10', 1),
(19, 'F', 'rpaclarecoffey', 'Ms','Clare', 'Coffey', '1988-12-31', 'clarecoffey@beta.ie', 4, '$2a$13$q7n/nU3Cv/Vee.0iBHcVOOjsB52e8qnScfzgZxiV6mDExLfTdI6Z',
'Work', '+353861234584','','$2a$13$iXTnvagBcp07VEjdpk5TKeC8IfYQtL9C1NANHWxEMBk4S.r.9aCtS', '2014-05-20 15:47:10', '2014-05-20 15:47:10', 1),
(20, 'F', 'rpajoanmurphy', 'Mrs','Joan', 'Murphy', '1977-02-15', 'joanmurphy@beta.ie', 4, '$2a$13$c1av4d/Mruz4rLu72BMiYOkDbcVvOhdFwQKCB9A.J6ycP0QteqXbO',
'Work', '+353851234585','','$2a$13$iXTnvagBcp07VEjdpk5TKeC8IfYQtL9C1NANHWxEMBk4S.r.9aCtS', '2014-05-20 15:47:10', '2014-05-20 15:47:10', 1);


CREATE TABLE `AuthItem`
(
   `name` VARCHAR(64) NOT NULL,
   `type` INTEGER NOT NULL,
   `description` TEXT,
   `bizrule` TEXT,
   `data` TEXT,
   PRIMARY KEY(`name`)
) engine InnoDB;

INSERT INTO `AuthItem` (`name`, `type`, `description`, `bizrule`, `data`) VALUES
('Administrator', 2, 'System admin', NULL, 'N;'),
('RoamPAAdmin', 2, 'RoamPA Admin', NULL, 'N;'),
('RoamPAUser', 2, 'RoamPA User', NULL, 'N;'),
('CompanyAdmin', 2, 'Company Admin', NULL, 'N;'),
('CompanyUser', 2, 'Company User', NULL, 'N;'),
('ServiceProviderAdmin', 2, 'ServiceProvider Admin', NULL, 'N;'),
('ServiceProviderUser', 2, 'ServiceProvider User', NULL, 'N;'),
('AssigneeUser', 2, 'Assignee User', NULL, 'N;'),
('User', 2, 'User', NULL, 'N;'),
('event.create', 0, 'Create event', NULL, 'N;'),
('event.update', 0, 'Update event', NULL, 'N;'),
('event.*', 0, 'Events wildcard', NULL, 'N;'),
('event.admin', 0, 'Manage events', NULL, 'N;'),
('event.index', 0, 'List events', NULL, 'N;'),
('event.delete', 0, 'Delete event', NULL, 'N;'),
('event.calendarEvents', 0, 'Calendar Events', NULL, 'N;'),
('eventUser', 1, 'User events', NULL, 'N;'),
('eventAdmin', 1, 'Administer events', NULL, 'N;'),
('user.admin.*', 0, 'Manage wildcard', NULL, 'N;'),
('user.admin.admin', 0, 'Manage User', NULL, 'N;'),
('user.admin.create', 0, 'Create User', NULL, 'N;'),
('user.admin.delete', 0, 'Delete User', NULL, 'N;'),
('user.admin.update', 0, 'Update User', NULL, 'N;'),
('user.admin.view', 0, 'View User', NULL, 'N;'),
('user.profile.*', 0, 'Profile wildcard', NULL, 'N;'),
('user.profile.changepassword', 0, 'Change password', NULL, 'N;'),
('user.profile.edit', 0, 'Edit profile', NULL, 'N;'),
('user.profile.profile', 0, 'View profile', NULL, 'N;'),
('user.user.index', 0, 'View Users', NULL, 'N;'),
('user.user.view', 0, 'View User detail', NULL, 'N;'),
('userAdmin', 1, 'Administer users', NULL, 'N;'),
('userProfile', 1, 'User''s profile', NULL, 'N;');

CREATE TABLE `AuthItemChild`
(
   `parent` VARCHAR(64) NOT NULL,
   `child`  VARCHAR(64) NOT NULL,
   PRIMARY KEY (`parent`,`child`),
   FOREIGN KEY (`parent`) REFERENCES `AuthItem` (`name`) ON DELETE CASCADE ON UPDATE CASCADE,
   FOREIGN KEY (`child`) REFERENCES `AuthItem` (`name`) ON DELETE CASCADE ON UPDATE CASCADE
) engine InnoDB;

INSERT INTO `AuthItemChild` (`parent`, `child`) VALUES
('userAdmin', 'user.admin.*'),
('userAdmin', 'user.admin.admin'),
('userAdmin', 'user.admin.create'),
('userAdmin', 'user.admin.delete'),
('userAdmin', 'user.admin.update'),
('userAdmin', 'user.admin.view'),
('userAdmin', 'user.profile.*'),
('userProfile', 'user.profile.changepassword'),
('userProfile', 'user.profile.edit'),
('userProfile', 'user.profile.profile'),
('userAdmin', 'user.user.index'),
('userAdmin', 'user.user.view'),
('Administrator', 'userAdmin'),
('RoamPAAdmin', 'userProfile'),
('RoamPAUser', 'userProfile'),
('CompanyAdmin', 'userAdmin'),
('CompanyUser', 'userAdmin'),
('ServiceProviderAdmin', 'userProfile'),
('ServiceProviderUser', 'userProfile'),
('AssigneeUser', 'userProfile'),
('User', 'userProfile'),
('eventAdmin', 'event.*'),
('eventAdmin', 'event.admin'),
('eventUser', 'event.admin'),
('eventAdmin', 'event.index'),
('eventUser', 'event.index'),
('eventAdmin', 'event.create'),
('eventUser', 'event.create'),
('eventAdmin', 'event.delete'),
('eventAdmin', 'event.calendarEvents'),
('eventUser', 'event.calendarEvents'),
('eventAdmin', 'event.update'),
('eventUser', 'event.update'),
('Administrator', 'eventAdmin');


CREATE TABLE `AuthAssignment`
(
   `itemname` VARCHAR(64) NOT NULL,
   `userid` INT(11) NOT NULL,
   `bizrule` TEXT,
   `data` TEXT,
   PRIMARY KEY (`itemname`,`userid`),
   FOREIGN KEY (`itemname`) REFERENCES `AuthItem` (`name`) ON DELETE CASCADE ON UPDATE CASCADE,
   FOREIGN KEY (`userid`) REFERENCES `tbl_user` (`id`) ON DELETE CASCADE ON UPDATE CASCADE

) engine InnoDB;

INSERT INTO `AuthAssignment` (`itemname`, `userid`, `bizrule`, `data`) VALUES
('Administrator', '1', NULL, 'N;'),
('RoamPAAdmin', '2', NULL, 'N;'),
('RoamPAUser', '3', NULL, 'N;'),
('User', '4', NULL, 'N;'),
('AssigneeUser', '5', NULL, 'N;'),
('AssigneeUser', '6', NULL, 'N;'),
('AssigneeUser', '7', NULL, 'N;'),
('AssigneeUser', '8', NULL, 'N;'),
('AssigneeUser', '9', NULL, 'N;'),
('User', '10', NULL, 'N;'),
('CompanyAdmin', '11', NULL, 'N;'),
('CompanyUser', '12', NULL, 'N;'),
('CompanyUser', '13', NULL, 'N;'),
('User', '14', NULL, 'N;'),
('AssigneeUser', '15', NULL, 'N;'),
('AssigneeUser', '16', NULL, 'N;'),
('User', '17', NULL, 'N;'),
('CompanyAdmin', '18', NULL, 'N;'),
('CompanyUser', '19', NULL, 'N;'),
('CompanyUser', '20', NULL, 'N;');


CREATE TABLE `tbl_addressbook` (
  `userid` INT(11) NOT NULL,
  `tag` VARCHAR(16) NOT NULL,
  `address1` VARCHAR(50) NOT NULL,
  `address2` VARCHAR(50) NOT NULL,
  `city` VARCHAR(50) NOT NULL,
  `region` VARCHAR(50) NOT NULL,
  `zipcode` VARCHAR(128) NOT NULL,
  `country` VARCHAR(64) NOT NULL,
  PRIMARY KEY (`userid`,`tag`),
  KEY `fk_addressbook_user` (`userid`),
  CONSTRAINT `fk_addressbook_user` FOREIGN KEY (`userid`) REFERENCES `tbl_user` (`id`) ON DELETE CASCADE ON UPDATE CASCADE
) ENGINE=InnoDB DEFAULT CHARSET=utf8 COLLATE=utf8_unicode_ci;

INSERT INTO `tbl_addressbook` (`userid`,`tag`,`address1`,`address2`,`city`,`region`,`zipcode`,`country`) VALUES
(1,'Home','22 Grosse Str','','Dortmund','NRW','D12345','Germany'),
(2,'Home','1 Main St','','Strokestown','County Roscommon','','Ireland'),
(3,'Work','2 Main St','','Dublin','County Dublin','D6','Ireland'),
(4,'Home','14 Suburbia','','Dublin','County Dublin','D4','Ireland'),
(5,'Work','2 Main St','','Dublin','County Dublin','D6','Ireland'),
(6,'Work','2 Main St','','Dublin','County Dublin','D6','Ireland'),
(7,'Work','2 Main St','','Dublin','County Dublin','D6','Ireland'),
(8,'Work','2 Main St','','Dublin','County Dublin','D6','Ireland'),
(9,'Work','2 Main St','','Dublin','County Dublin','D6','Ireland'),
(9,'Home','4 Flower Lane','','Naas','County Kildare','','Ireland'),
(10,'Home','17 Quiet St','','Swords','County Dublin','','Ireland'),
(11,'Work','2 Main St','','Dublin','County Dublin','D6','Ireland'),
(12,'Work','2 Main St','','Dublin','County Dublin','D6','Ireland'),
(13,'Work','2 Main St','','Dublin','County Dublin','D6','Ireland'),
(14,'Home','Long Road','','Cork','County Cork','','Ireland'),
(15,'Work','3 Lower St','','Killarney','County Kerry','','Ireland'),
(16,'Work','3 Lower St','','Killarney','County Kerry','','Ireland'),
(17,'Work','3 Lower St','','Killarney','County Kerry','','Ireland'),
(18,'Work','3 Lower St','','Killarney','County Kerry','','Ireland'),
(19,'Work','3 Lower St','','Killarney','County Kerry','','Ireland'),
(20,'Work','3 Lower St','','Killarney','County Kerry','','Ireland');


CREATE TABLE `tbl_usertracker` (
  `id` INT(11) NOT NULL auto_increment,
  `username` VARCHAR(32) NOT NULL,
  `cdate` DATE NOT NULL,
  `country` VARCHAR(64) NOT NULL,
  PRIMARY KEY (`id`),
  FOREIGN KEY (`country`) REFERENCES `tbl_country` (`country`)
) ENGINE=InnoDB;
INSERT INTO `tbl_usertracker` (`username`,`cdate`,`country`) VALUES
('rpaunamcneill','2014-07-08','Ireland'),
('rpaunamcneill','2014-07-09','Ireland'),
('rpaunamcneill','2014-07-09','France'),
('rpaunamcneill','2014-07-10','France'),
('rpajohnjohnson','2014-07-09','Ireland'),
('rpajohnjohnson','2014-07-09','France'),
('rpajohnjohnsonl','2014-07-10','France');


CREATE TABLE `tbl_thresholdtracker` (
  `id` INT(11) NOT NULL auto_increment,
  `username` VARCHAR(32) NOT NULL,
  `daytotal` SMALLINT,
  `country` VARCHAR(64) NOT NULL,
  `fiscalyear` DATE NOT NULL,
  PRIMARY KEY (`id`),
  FOREIGN KEY (`country`) REFERENCES `tbl_country` (`country`)
) ENGINE=InnoDB;
INSERT INTO `tbl_thresholdtracker` (`username`,`daytotal`,`country`,`fiscalyear`) VALUES
('rpaunamcneill',2,'Ireland','2014-00-00'),
('rpaunamcneill',2,'France','2014-00-00'),
('rpajohnjohnson',1,'Ireland','2014-00-00'),
('rpajohnjohnsonl',2,'France','2014-00-00');


CREATE TABLE `tbl_rolerelation` (
  `id` INT UNSIGNED NOT NULL auto_increment,
  `mroleid` INT(11),
  `sroleid` INT(11),
  PRIMARY KEY (`id`),
  KEY `fk_Master_Role` (`mroleid`),
  KEY `fk_Slave_Role` (`sroleid`),
  CONSTRAINT `fk_Master_Role` FOREIGN KEY (`mroleid`) REFERENCES `tbl_user` (`id`) ON DELETE SET NULL ON UPDATE CASCADE,
  CONSTRAINT `fk_Slave_Role` FOREIGN KEY (`sroleid`) REFERENCES `tbl_user` (`id`) ON DELETE SET NULL ON UPDATE CASCADE
) ENGINE=InnoDB;
INSERT INTO `tbl_rolerelation` (`mroleid`,`sroleid`) VALUES
(2,3),(11,12),(11,13),(18,19),(18,20),(12,5),(12,6),(13,7),(13,8),(13,9),(19,15),(20,16);


CREATE TABLE IF NOT EXISTS `tbl_event` (
  `id` INT unsigned NOT NULL auto_increment,
  `userid` INT(11),
  `title` VARCHAR(1000) CHARACTER SET utf8 DEFAULT NULL,
  `tracker` BOOLEAN NOT NULL DEFAULT 0,
  `start` DATETIME DEFAULT '0000-00-00 00:00:00' NOT NULL,
  `end` DATETIME DEFAULT '0000-00-00 00:00:00' NOT NULL,
  `editable` tinyint(1) NOT NULL default 1,
  PRIMARY KEY  (`id`),
  KEY `fk_event_user` (`userid`),
  CONSTRAINT `fk_event_user` FOREIGN KEY (`userid`) REFERENCES `tbl_user` (`id`) ON DELETE CASCADE ON UPDATE CASCADE
) ENGINE=InnoDB;
-- June 12 2014, 12pm to 2pm and 3 to 4pm
INSERT INTO `tbl_event`(`userid`,`title`,`tracker`,`start`,`end`) VALUES
(1,'Meet Una',0,'2014-07-08 17:00:00','2014-07-08 18:00:00'),
(1,'Meet Mary',0,'2014-07-09 09:00:00','2014-07-09 09:30:00'),
(1,'Ireland',1,'2014-07-08 06:00:00','2014-07-08 07:00:00'),
(1,'Ireland',1,'2014-07-09 06:00:00','2014-07-09 07:00:00'),
(1,'France',1,'2014-07-10 06:00:00','2014-07-10 07:00:00'),
(7,'Ireland',1,'2014-07-09 06:00:00','2014-07-09 07:00:00'),
(7,'France',1,'2014-07-10 06:00:00','2014-07-10 07:00:00');


CREATE TABLE IF NOT EXISTS `tbl_gpsdata` (
  `id` INT unsigned NOT NULL auto_increment,
  `username` VARCHAR(32) NOT NULL,
  `created_at` DATETIME DEFAULT '0000-00-00 00:00:00' NOT NULL,
  `timezone` CHAR(5) CHARACTER SET utf8 DEFAULT NULL,
  `lat` DECIMAL(10, 8),
  `lng` DECIMAL(11, 8),
  PRIMARY KEY  (`id`),
  KEY `fk_uname` (`username`),
  CONSTRAINT `fk_uname` FOREIGN KEY (`username`) REFERENCES `tbl_user` (`username`) ON DELETE CASCADE ON UPDATE CASCADE
) ENGINE=InnoDB;
INSERT INTO `tbl_gpsdata`(`username`,`created_at`,`timezone`,`lat`,`lng`) VALUES
('rpaunamcneill','2014-07-08 00:00:00','UTC',53.415790, -7.899726),
('rpaunamcneill','2014-07-08 04:00:00','UTC',53.415790, -7.899726),
('rpaunamcneill','2014-07-08 08:00:00','UTC',53.415790, -7.899726),
('rpaunamcneill','2014-07-08 12:00:00','UTC',53.415790, -7.899726),
('rpaunamcneill','2014-07-08 16:00:00','UTC',53.415790, -7.899726),
('rpaunamcneill','2014-07-08 20:00:00','UTC',53.419230, -7.905069),
('rpaunamcneill','2014-07-09 00:00:00','UTC',53.415790, -7.899726),
('rpaunamcneill','2014-07-09 04:00:00','UTC',53.415790, -7.899726),
('rpaunamcneill','2014-07-09 08:00:00','UTC',53.415790, -7.899726),
('rpaunamcneill','2014-07-09 12:00:00','CET',49.013123, 2.546906),
('rpaunamcneill','2014-07-09 16:00:00','CET',49.013123, 2.546906),
('rpaunamcneill','2014-07-09 20:00:00','CET',49.013123, 2.546906),
('rpaunamcneill','2014-07-10 00:00:00','CET',49.013123, 2.546906),
('rpaunamcneill','2014-07-10 04:00:00','CET',49.013123, 2.546906),
('rpaunamcneill','2014-07-10 08:00:00','CET',49.013123, 2.546906),
('rpaunamcneill','2014-07-10 12:00:00','CET',49.013123, 2.546906),
('rpaunamcneill','2014-07-10 16:00:00','CET',49.013123, 2.546906),
('rpaunamcneill','2014-07-10 20:00:00','CET',49.013123, 2.546906),
('rpajohnjohnson','2014-07-09 00:00:00','UTC',53.415790, -7.899726),
('rpajohnjohnson','2014-07-09 04:00:00','UTC',53.415790, -7.899726),
('rpajohnjohnson','2014-07-09 08:00:00','UTC',53.415790, -7.899726),
('rpajohnjohnson','2014-07-09 12:00:00','UTC',53.415790, -7.899726),
('rpajohnjohnson','2014-07-09 16:00:00','UTC',53.415790, -7.899726),
('rpajohnjohnson','2014-07-09 20:00:00','CET',49.013123, 2.546906),
('rpajohnjohnson','2014-07-10 00:00:00','CET',49.013123, 2.546906),
('rpajohnjohnson','2014-07-10 04:00:00','CET',49.013123, 2.546906),
('rpajohnjohnson','2014-07-10 08:00:00','CET',49.013123, 2.546906),
('rpajohnjohnson','2014-07-10 12:00:00','CET',49.013123, 2.546906),
('rpajohnjohnson','2014-07-10 16:00:00','CET',49.013123, 2.546906),
('rpajohnjohnson','2014-07-10 20:00:00','CET',49.013123, 2.546906);


CREATE TABLE IF NOT EXISTS `tbl_assignment` (
  `id` INT unsigned NOT NULL auto_increment,
  `userid` INT(11),
  `home` INT(11),
  `hostname` INT(11),
  `currentstatus` VARCHAR(16) NOT NULL,
  `start` DATETIME DEFAULT '0000-00-00 00:00:00' NOT NULL,
  `end` DATETIME DEFAULT '0000-00-00 00:00:00' NOT NULL,
  PRIMARY KEY  (`id`),
  KEY `fk_assignment_user` (`userid`),
  CONSTRAINT `fk_assignment_user` FOREIGN KEY (`userid`) REFERENCES `tbl_rolerelation` (`sroleid`) ON DELETE CASCADE ON UPDATE CASCADE,
  KEY `fk_assignment_home` (`home`),
  CONSTRAINT `fk_assignment_home` FOREIGN KEY (`home`) REFERENCES `tbl_country` (`id`) ON DELETE CASCADE ON UPDATE CASCADE,
  KEY `fk_assignment_host` (`hostname`),
  CONSTRAINT `fk_assignment_host` FOREIGN KEY (`hostname`) REFERENCES `tbl_country` (`id`) ON DELETE CASCADE ON UPDATE CASCADE
) ENGINE=InnoDB;
INSERT INTO `tbl_assignment` (`id`, `userid`, `home`, `hostname`, `currentstatus`, `start`, `end`) VALUES
(1, 5, 185, 108, 'completed', '0000-00-00 00:00:00', '0000-00-00 00:00:00'),
(2, 7, 185, 168, 'Active', '0000-00-00 00:00:00', '0000-00-00 00:00:00'),
(3, 8, 185, 168, 'Active', '0000-00-00 00:00:00', '0000-00-00 00:00:00'),
(4, 9, 185, 178, 'In Progress', '0000-00-00 00:00:00', '0000-00-00 00:00:00'),
(5, 15, 185, 108, 'In Progress', '0000-00-00 00:00:00', '0000-00-00 00:00:00'),
(6, 16, 185, 168, 'In Progress', '0000-00-00 00:00:00', '0000-00-00 00:00:00'),
(7, 5, 185, 31, 'completed', '0000-00-00 00:00:00', '0000-00-00 00:00:00'),
(8, 6, 185, 168, 'active', '0000-00-00 00:00:00', '0000-00-00 00:00:00'),
(9, 5, 108, 185, 'active', '0000-00-00 00:00:00', '0000-00-00 00:00:00'),
(10, 7, 185, 31, 'In Progress', '0000-00-00 00:00:00', '0000-00-00 00:00:00'),
(11, 8, 185, 168, 'in progress', '0000-00-00 00:00:00', '0000-00-00 00:00:00'),
(12, 9, 185, 31, 'active', '0000-00-00 00:00:00', '0000-00-00 00:00:00'),
(13, 15, 185, 108, 'active', '0000-00-00 00:00:00', '0000-00-00 00:00:00'),
(14, 16, 185, 168, 'active', '0000-00-00 00:00:00', '0000-00-00 00:00:00');
